frequency_hz,wavelength_m,wind_speed_m_s,reynolds,amplitude_pp_mm,wind_power_w,endpoint_strain_microstrain,endpoint_ok,damper_ok
5.0,26.71041531663592,0.421,472.6426666666667,10.41140443209567,2.3576671472723916e-07,2.4254362706953003,True,True
6.0,22.259163182887075,0.5052,567.1712,10.154992336575738,2.3259418005921665e-07,3.406463704313743,True,True
7.0,19.079772704963634,0.5894,661.6997333333334,9.945748564617059,2.3022537714515376e-07,4.540805657971879,True,True
8.0,16.695295736548058,0.6736,756.2282666666666,9.769037171818388,2.2802062497294835e-07,5.825126509705876,True,True
9.0,14.840761081784539,0.7577999999999999,850.7567999999999,9.6170214705599,2.262438394199489e-07,7.257216363355061,True,True
10.0,13.357186020050568,0.842,945.2853333333334,9.48393913281556,2.2476906863793074e-07,8.834879735965067,True,True
